order_id,user_id,booking_id,class_id
1,1,1,1
2,2,2,1
3,3,3,1
4,4,4,1
5,5,5,1
6,6,6,1
7,7,8,1
8,8,9,1
9,9,10,2
10,10,11,2
11,11,15,2
12,12,16,2
13,13,18,2
14,14,23,3
15,15,26,3
16,16,34,4
17,17,35,4
18,18,38,4
19,19,41,5
20,20,42,5
21,21,43,5
22,22,44,5
23,23,45,5
24,24,47,5
25,25,48,5
26,26,51,6
27,27,53,6
28,28,60,7
29,29,61,7
30,30,67,7
31,31,71,8
32,32,75,8
33,33,78,8
34,34,79,8
35,35,83,9
36,36,86,9
37,37,87,9
38,38,88,9
39,39,89,9
40,40,92,10
41,41,96,10
42,42,97,10
43,43,98,10
44,44,99,10
45,45,101,11
46,46,102,11
47,47,104,11
48,48,105,11
49,49,107,11
50,50,108,11
51,1,111,12
52,2,123,13
53,3,127,13
54,4,129,13
55,5,133,14
56,6,134,14
57,7,138,14
58,8,139,14
59,9,142,15
60,10,143,15
61,11,145,15
62,12,147,15
63,13,149,15
64,14,150,16
65,15,154,16
66,16,155,16
67,17,156,16
68,18,160,17
69,19,161,17
70,20,162,17
71,21,163,17
72,22,165,17
73,23,166,17
74,24,169,17
75,25,172,18
76,26,174,18
77,27,186,19
78,28,190,20
79,29,193,20
80,30,194,20
81,31,195,20
82,32,198,20
83,33,204,21
84,34,209,21
85,35,210,22
86,36,211,22
87,37,213,22
88,38,215,22
89,39,216,22
90,40,217,22
91,41,218,22
92,42,219,22
93,43,222,23
94,44,223,23
95,45,225,23
96,46,228,23
97,47,229,23
98,48,230,24
99,49,231,24
100,50,232,24
