booking_id,class_id,class_dates,class_user_no,reservation_flag
1,1,2021-04-01 15:00:00,1,False
2,1,2021-04-02 12:00:00,1,False
3,1,2021-04-03 12:00:00,1,False
4,1,2021-04-04 14:00:00,1,False
5,1,2021-04-05 19:00:00,1,False
6,1,2021-04-06 16:00:00,1,False
7,1,2021-04-07 19:00:00,0,False
8,1,2021-04-08 12:00:00,1,False
9,1,2021-04-09 17:00:00,1,False
10,2,2021-04-10 12:00:00,1,False
11,2,2021-04-01 15:00:00,1,False
12,2,2021-04-02 13:00:00,0,False
13,2,2021-04-03 16:00:00,0,False
14,2,2021-04-04 18:00:00,0,False
15,2,2021-04-05 13:00:00,1,False
16,2,2021-04-06 14:00:00,1,False
17,2,2021-04-07 14:00:00,0,False
18,2,2021-04-08 13:00:00,1,False
19,2,2021-04-09 16:00:00,0,False
20,3,2021-04-10 13:00:00,0,False
21,3,2021-04-01 14:00:00,0,False
22,3,2021-04-02 12:00:00,0,False
23,3,2021-04-03 13:00:00,1,False
24,3,2021-04-04 15:00:00,0,False
25,3,2021-04-05 12:00:00,0,False
26,3,2021-04-06 14:00:00,1,False
27,3,2021-04-07 12:00:00,0,False
28,3,2021-04-08 19:00:00,0,False
29,3,2021-04-09 13:00:00,0,False
30,4,2021-04-10 11:00:00,0,False
31,4,2021-04-01 15:00:00,0,False
32,4,2021-04-02 18:00:00,0,False
33,4,2021-04-03 19:00:00,0,False
34,4,2021-04-04 17:00:00,1,False
35,4,2021-04-05 14:00:00,1,False
36,4,2021-04-06 11:00:00,0,False
37,4,2021-04-07 13:00:00,0,False
38,4,2021-04-08 14:00:00,1,False
39,4,2021-04-09 12:00:00,0,False
40,5,2021-04-10 13:00:00,0,False
41,5,2021-04-01 12:00:00,1,False
42,5,2021-04-02 12:00:00,1,False
43,5,2021-04-03 11:00:00,1,False
44,5,2021-04-04 16:00:00,1,False
45,5,2021-04-05 13:00:00,1,False
46,5,2021-04-06 13:00:00,0,False
47,5,2021-04-07 12:00:00,1,False
48,5,2021-04-08 16:00:00,1,False
49,5,2021-04-09 11:00:00,0,False
50,6,2021-04-10 12:00:00,0,False
51,6,2021-04-01 15:00:00,1,False
52,6,2021-04-02 11:00:00,0,False
53,6,2021-04-03 15:00:00,1,False
54,6,2021-04-04 14:00:00,0,False
55,6,2021-04-05 11:00:00,0,False
56,6,2021-04-06 11:00:00,0,False
57,6,2021-04-07 14:00:00,0,False
58,6,2021-04-08 18:00:00,0,False
59,6,2021-04-09 13:00:00,0,False
60,7,2021-04-10 15:00:00,1,False
61,7,2021-04-01 17:00:00,1,False
62,7,2021-04-02 18:00:00,0,False
63,7,2021-04-03 12:00:00,0,False
64,7,2021-04-04 18:00:00,0,False
65,7,2021-04-05 15:00:00,0,False
66,7,2021-04-06 12:00:00,0,False
67,7,2021-04-07 12:00:00,1,False
68,7,2021-04-08 17:00:00,0,False
69,7,2021-04-09 17:00:00,0,False
70,8,2021-04-10 15:00:00,0,False
71,8,2021-04-01 19:00:00,1,False
72,8,2021-04-02 16:00:00,0,False
73,8,2021-04-03 12:00:00,0,False
74,8,2021-04-04 19:00:00,0,False
75,8,2021-04-05 19:00:00,1,False
76,8,2021-04-06 14:00:00,0,False
77,8,2021-04-07 17:00:00,0,False
78,8,2021-04-08 19:00:00,1,False
79,8,2021-04-09 13:00:00,1,False
80,9,2021-04-10 11:00:00,0,False
81,9,2021-04-01 12:00:00,0,False
82,9,2021-04-02 13:00:00,0,False
83,9,2021-04-03 19:00:00,1,False
84,9,2021-04-04 16:00:00,0,False
85,9,2021-04-05 18:00:00,0,False
86,9,2021-04-06 19:00:00,1,False
87,9,2021-04-07 12:00:00,1,False
88,9,2021-04-08 12:00:00,1,False
89,9,2021-04-09 16:00:00,1,False
90,10,2021-04-10 13:00:00,0,False
91,10,2021-04-01 16:00:00,0,False
92,10,2021-04-02 13:00:00,1,False
93,10,2021-04-03 19:00:00,0,False
94,10,2021-04-04 14:00:00,0,False
95,10,2021-04-05 17:00:00,0,False
96,10,2021-04-06 19:00:00,1,False
97,10,2021-04-07 15:00:00,1,False
98,10,2021-04-08 11:00:00,1,False
99,10,2021-04-09 16:00:00,1,False
100,11,2021-04-10 16:00:00,0,False
101,11,2021-04-01 11:00:00,1,False
102,11,2021-04-02 12:00:00,1,False
103,11,2021-04-03 11:00:00,0,False
104,11,2021-04-04 16:00:00,1,False
105,11,2021-04-05 19:00:00,1,False
106,11,2021-04-06 11:00:00,0,False
107,11,2021-04-07 16:00:00,1,False
108,11,2021-04-08 14:00:00,1,False
109,11,2021-04-09 13:00:00,0,False
110,12,2021-04-10 14:00:00,0,False
111,12,2021-04-01 11:00:00,1,False
112,12,2021-04-02 11:00:00,0,False
113,12,2021-04-03 19:00:00,0,False
114,12,2021-04-04 17:00:00,0,False
115,12,2021-04-05 13:00:00,0,False
116,12,2021-04-06 13:00:00,0,False
117,12,2021-04-07 13:00:00,0,False
118,12,2021-04-08 15:00:00,0,False
119,12,2021-04-09 16:00:00,0,False
120,13,2021-04-10 14:00:00,0,False
121,13,2021-04-01 15:00:00,0,False
122,13,2021-04-02 17:00:00,0,False
123,13,2021-04-03 15:00:00,1,False
124,13,2021-04-04 13:00:00,0,False
125,13,2021-04-05 12:00:00,0,False
126,13,2021-04-06 11:00:00,0,False
127,13,2021-04-07 12:00:00,1,False
128,13,2021-04-08 16:00:00,0,False
129,13,2021-04-09 14:00:00,1,False
130,14,2021-04-10 19:00:00,0,False
131,14,2021-04-01 17:00:00,0,False
132,14,2021-04-02 19:00:00,0,False
133,14,2021-04-03 12:00:00,1,False
134,14,2021-04-04 15:00:00,1,False
135,14,2021-04-05 16:00:00,0,False
136,14,2021-04-06 19:00:00,0,False
137,14,2021-04-07 11:00:00,0,False
138,14,2021-04-08 13:00:00,1,False
139,14,2021-04-09 11:00:00,1,False
140,15,2021-04-10 14:00:00,0,False
141,15,2021-04-01 18:00:00,0,False
142,15,2021-04-02 16:00:00,1,False
143,15,2021-04-03 15:00:00,1,False
144,15,2021-04-04 14:00:00,0,False
145,15,2021-04-05 18:00:00,1,False
146,15,2021-04-06 15:00:00,0,False
147,15,2021-04-07 17:00:00,1,False
148,15,2021-04-08 14:00:00,0,False
149,15,2021-04-09 13:00:00,1,False
150,16,2021-04-10 12:00:00,1,False
151,16,2021-04-01 18:00:00,0,False
152,16,2021-04-02 13:00:00,0,False
153,16,2021-04-03 19:00:00,0,False
154,16,2021-04-04 16:00:00,1,False
155,16,2021-04-05 18:00:00,1,False
156,16,2021-04-06 13:00:00,1,False
157,16,2021-04-07 17:00:00,0,False
158,16,2021-04-08 11:00:00,0,False
159,16,2021-04-09 18:00:00,0,False
160,17,2021-04-10 17:00:00,1,False
161,17,2021-04-01 11:00:00,1,False
162,17,2021-04-02 15:00:00,1,False
163,17,2021-04-03 12:00:00,1,False
164,17,2021-04-04 18:00:00,0,False
165,17,2021-04-05 18:00:00,1,False
166,17,2021-04-06 13:00:00,1,False
167,17,2021-04-07 11:00:00,0,False
168,17,2021-04-08 15:00:00,0,False
169,17,2021-04-09 19:00:00,1,False
170,18,2021-04-10 16:00:00,0,False
171,18,2021-04-01 14:00:00,0,False
172,18,2021-04-02 17:00:00,1,False
173,18,2021-04-03 15:00:00,0,False
174,18,2021-04-04 15:00:00,1,False
175,18,2021-04-05 16:00:00,0,False
176,18,2021-04-06 14:00:00,0,False
177,18,2021-04-07 19:00:00,0,False
178,18,2021-04-08 19:00:00,0,False
179,18,2021-04-09 17:00:00,0,False
180,19,2021-04-10 13:00:00,0,False
181,19,2021-04-01 17:00:00,0,False
182,19,2021-04-02 15:00:00,0,False
183,19,2021-04-03 18:00:00,0,False
184,19,2021-04-04 19:00:00,0,False
185,19,2021-04-05 18:00:00,0,False
186,19,2021-04-06 13:00:00,1,False
187,19,2021-04-07 18:00:00,0,False
188,19,2021-04-08 19:00:00,0,False
189,19,2021-04-09 18:00:00,0,False
190,20,2021-04-10 18:00:00,1,False
191,20,2021-04-01 16:00:00,0,False
192,20,2021-04-02 17:00:00,0,False
193,20,2021-04-03 12:00:00,1,False
194,20,2021-04-04 12:00:00,1,False
195,20,2021-04-05 19:00:00,1,False
196,20,2021-04-06 13:00:00,0,False
197,20,2021-04-07 15:00:00,0,False
198,20,2021-04-08 17:00:00,1,False
199,20,2021-04-09 12:00:00,0,False
200,21,2021-04-10 18:00:00,0,False
201,21,2021-04-01 16:00:00,0,False
202,21,2021-04-02 11:00:00,0,False
203,21,2021-04-03 14:00:00,0,False
204,21,2021-04-04 14:00:00,1,False
205,21,2021-04-05 16:00:00,0,False
206,21,2021-04-06 14:00:00,0,False
207,21,2021-04-07 13:00:00,0,False
208,21,2021-04-08 16:00:00,0,False
209,21,2021-04-09 12:00:00,1,False
210,22,2021-04-10 18:00:00,1,False
211,22,2021-04-01 17:00:00,1,False
212,22,2021-04-02 19:00:00,0,False
213,22,2021-04-03 11:00:00,1,False
214,22,2021-04-04 13:00:00,0,False
215,22,2021-04-05 14:00:00,1,False
216,22,2021-04-06 17:00:00,1,False
217,22,2021-04-07 14:00:00,1,False
218,22,2021-04-08 17:00:00,1,False
219,22,2021-04-09 15:00:00,1,False
220,23,2021-04-10 11:00:00,0,False
221,23,2021-04-01 15:00:00,0,False
222,23,2021-04-02 14:00:00,1,False
223,23,2021-04-03 16:00:00,1,False
224,23,2021-04-04 18:00:00,0,False
225,23,2021-04-05 19:00:00,1,False
226,23,2021-04-06 14:00:00,0,False
227,23,2021-04-07 13:00:00,0,False
228,23,2021-04-08 12:00:00,1,False
229,23,2021-04-09 12:00:00,1,False
230,24,2021-04-10 11:00:00,1,False
231,24,2021-04-01 11:00:00,1,False
232,24,2021-04-02 12:00:00,1,False
233,24,2021-04-03 12:00:00,0,False
234,24,2021-04-04 13:00:00,1,False
235,24,2021-04-05 18:00:00,1,False
236,24,2021-04-06 19:00:00,1,False
237,24,2021-04-07 12:00:00,0,False
238,24,2021-04-08 11:00:00,0,False
239,24,2021-04-09 14:00:00,1,False
240,25,2021-04-10 14:00:00,1,False
241,25,2021-04-01 12:00:00,1,False
242,25,2021-04-02 11:00:00,1,False
243,25,2021-04-03 12:00:00,0,False
244,25,2021-04-04 13:00:00,0,False
245,25,2021-04-05 15:00:00,0,False
246,25,2021-04-06 15:00:00,0,False
247,25,2021-04-07 15:00:00,1,False
248,25,2021-04-08 18:00:00,0,False
249,25,2021-04-09 18:00:00,0,False
250,26,2021-04-10 12:00:00,0,False
251,26,2021-04-01 19:00:00,0,False
252,26,2021-04-02 12:00:00,0,False
253,26,2021-04-03 15:00:00,1,False
254,26,2021-04-04 13:00:00,0,False
255,26,2021-04-05 16:00:00,1,False
256,26,2021-04-06 15:00:00,0,False
257,26,2021-04-07 15:00:00,0,False
258,26,2021-04-08 17:00:00,1,False
259,26,2021-04-09 14:00:00,0,False
260,27,2021-04-10 13:00:00,0,False
261,27,2021-04-01 13:00:00,1,False
262,27,2021-04-02 17:00:00,1,False
263,27,2021-04-03 14:00:00,1,False
264,27,2021-04-04 19:00:00,0,False
265,27,2021-04-05 19:00:00,1,False
266,27,2021-04-06 15:00:00,0,False
267,27,2021-04-07 15:00:00,1,False
268,27,2021-04-08 11:00:00,1,False
269,27,2021-04-09 17:00:00,0,False
270,28,2021-04-10 19:00:00,1,False
271,28,2021-04-01 19:00:00,0,False
272,28,2021-04-02 11:00:00,0,False
273,28,2021-04-03 19:00:00,1,False
274,28,2021-04-04 19:00:00,1,False
275,28,2021-04-05 14:00:00,1,False
276,28,2021-04-06 17:00:00,0,False
277,28,2021-04-07 12:00:00,1,False
278,28,2021-04-08 17:00:00,0,False
279,28,2021-04-09 12:00:00,0,False
280,29,2021-04-10 19:00:00,0,False
281,29,2021-04-01 12:00:00,0,False
282,29,2021-04-02 19:00:00,1,False
283,29,2021-04-03 13:00:00,1,False
284,29,2021-04-04 15:00:00,0,False
285,29,2021-04-05 14:00:00,1,False
286,29,2021-04-06 15:00:00,0,False
287,29,2021-04-07 18:00:00,1,False
288,29,2021-04-08 17:00:00,1,False
289,29,2021-04-09 11:00:00,0,False
290,30,2021-04-10 12:00:00,0,False
291,30,2021-04-01 18:00:00,0,False
292,30,2021-04-02 15:00:00,0,False
293,30,2021-04-03 18:00:00,0,False
294,30,2021-04-04 18:00:00,1,False
295,30,2021-04-05 11:00:00,0,False
296,30,2021-04-06 11:00:00,1,False
297,30,2021-04-07 15:00:00,1,False
298,30,2021-04-08 17:00:00,1,False
299,30,2021-04-09 18:00:00,1,False
300,31,2021-04-10 16:00:00,0,False
301,31,2021-04-01 12:00:00,0,False
302,31,2021-04-02 15:00:00,1,False
303,31,2021-04-03 18:00:00,1,False
304,31,2021-04-04 13:00:00,1,False
305,31,2021-04-05 17:00:00,1,False
306,31,2021-04-06 12:00:00,0,False
307,31,2021-04-07 13:00:00,0,False
308,31,2021-04-08 14:00:00,1,False
309,31,2021-04-09 18:00:00,0,False
310,32,2021-04-10 16:00:00,1,False
311,32,2021-04-01 18:00:00,0,False
312,32,2021-04-02 12:00:00,0,False
313,32,2021-04-03 17:00:00,1,False
314,32,2021-04-04 18:00:00,0,False
315,32,2021-04-05 15:00:00,0,False
316,32,2021-04-06 16:00:00,1,False
317,32,2021-04-07 12:00:00,1,False
318,32,2021-04-08 11:00:00,1,False
319,32,2021-04-09 11:00:00,1,False
320,33,2021-04-10 14:00:00,1,False
321,33,2021-04-01 11:00:00,0,False
322,33,2021-04-02 12:00:00,1,False
323,33,2021-04-03 16:00:00,0,False
324,33,2021-04-04 15:00:00,0,False
325,33,2021-04-05 13:00:00,0,False
326,33,2021-04-06 16:00:00,0,False
327,33,2021-04-07 11:00:00,1,False
328,33,2021-04-08 14:00:00,1,False
329,33,2021-04-09 13:00:00,1,False
330,34,2021-04-10 11:00:00,1,False
331,34,2021-04-01 19:00:00,1,False
332,34,2021-04-02 12:00:00,0,False
333,34,2021-04-03 16:00:00,0,False
334,34,2021-04-04 15:00:00,0,False
335,34,2021-04-05 14:00:00,0,False
336,34,2021-04-06 12:00:00,1,False
337,34,2021-04-07 11:00:00,0,False
338,34,2021-04-08 18:00:00,0,False
339,34,2021-04-09 11:00:00,1,False
340,35,2021-04-10 17:00:00,0,False
341,35,2021-04-01 16:00:00,1,False
342,35,2021-04-02 18:00:00,1,False
343,35,2021-04-03 14:00:00,0,False
344,35,2021-04-04 18:00:00,0,False
345,35,2021-04-05 19:00:00,1,False
346,35,2021-04-06 19:00:00,0,False
347,35,2021-04-07 15:00:00,1,False
348,35,2021-04-08 17:00:00,1,False
349,35,2021-04-09 15:00:00,1,False
350,36,2021-04-10 16:00:00,0,False
351,36,2021-04-01 14:00:00,0,False
352,36,2021-04-02 15:00:00,1,False
353,36,2021-04-03 12:00:00,0,False
354,36,2021-04-04 19:00:00,0,False
355,36,2021-04-05 13:00:00,0,False
356,36,2021-04-06 17:00:00,0,False
357,36,2021-04-07 15:00:00,1,False
358,36,2021-04-08 13:00:00,0,False
359,36,2021-04-09 18:00:00,1,False
360,37,2021-04-10 18:00:00,1,False
361,37,2021-04-01 17:00:00,0,False
362,37,2021-04-02 17:00:00,1,False
363,37,2021-04-03 16:00:00,1,False
364,37,2021-04-04 11:00:00,0,False
365,37,2021-04-05 18:00:00,0,False
366,37,2021-04-06 15:00:00,1,False
367,37,2021-04-07 16:00:00,1,False
368,37,2021-04-08 19:00:00,0,False
369,37,2021-04-09 14:00:00,1,False
370,38,2021-04-10 19:00:00,1,False
371,38,2021-04-01 18:00:00,0,False
372,38,2021-04-02 18:00:00,1,False
373,38,2021-04-03 18:00:00,0,False
374,38,2021-04-04 15:00:00,0,False
375,38,2021-04-05 19:00:00,0,False
376,38,2021-04-06 18:00:00,0,False
377,38,2021-04-07 16:00:00,1,False
378,38,2021-04-08 16:00:00,1,False
379,38,2021-04-09 16:00:00,0,False
380,39,2021-04-10 11:00:00,0,False
381,39,2021-04-01 11:00:00,1,False
382,39,2021-04-02 17:00:00,0,False
383,39,2021-04-03 14:00:00,0,False
384,39,2021-04-04 18:00:00,0,False
385,39,2021-04-05 19:00:00,1,False
386,39,2021-04-06 11:00:00,0,False
387,39,2021-04-07 11:00:00,0,False
388,39,2021-04-08 11:00:00,0,False
389,39,2021-04-09 18:00:00,1,False
390,40,2021-04-10 13:00:00,1,False
391,40,2021-04-01 19:00:00,1,False
392,40,2021-04-02 15:00:00,0,False
393,40,2021-04-03 14:00:00,0,False
394,40,2021-04-04 19:00:00,0,False
395,40,2021-04-05 12:00:00,1,False
396,40,2021-04-06 12:00:00,1,False
397,40,2021-04-07 18:00:00,0,False
398,40,2021-04-08 11:00:00,0,False
399,40,2021-04-09 13:00:00,0,False
400,41,2021-04-10 11:00:00,0,False
401,41,2021-04-01 13:00:00,1,False
402,41,2021-04-02 18:00:00,1,False
403,41,2021-04-03 14:00:00,1,False
404,41,2021-04-04 14:00:00,1,False
405,41,2021-04-05 18:00:00,0,False
406,41,2021-04-06 15:00:00,1,False
407,41,2021-04-07 17:00:00,1,False
408,41,2021-04-08 18:00:00,1,False
409,41,2021-04-09 19:00:00,0,False
410,42,2021-04-10 17:00:00,0,False
411,42,2021-04-01 13:00:00,0,False
412,42,2021-04-02 11:00:00,1,False
413,42,2021-04-03 19:00:00,1,False
414,42,2021-04-04 12:00:00,1,False
415,42,2021-04-05 18:00:00,0,False
416,42,2021-04-06 15:00:00,0,False
417,42,2021-04-07 17:00:00,1,False
418,42,2021-04-08 12:00:00,0,False
419,42,2021-04-09 13:00:00,0,False
420,43,2021-04-10 17:00:00,1,False
421,43,2021-04-01 18:00:00,0,False
422,43,2021-04-02 17:00:00,1,False
423,43,2021-04-03 16:00:00,0,False
424,43,2021-04-04 11:00:00,0,False
425,43,2021-04-05 19:00:00,0,False
426,43,2021-04-06 17:00:00,1,False
427,43,2021-04-07 16:00:00,0,False
428,43,2021-04-08 14:00:00,0,False
429,43,2021-04-09 16:00:00,0,False
430,44,2021-04-10 13:00:00,0,False
431,44,2021-04-01 11:00:00,1,False
432,44,2021-04-02 11:00:00,1,False
433,44,2021-04-03 13:00:00,1,False
434,44,2021-04-04 15:00:00,0,False
435,44,2021-04-05 16:00:00,1,False
436,44,2021-04-06 13:00:00,0,False
437,44,2021-04-07 12:00:00,0,False
438,44,2021-04-08 14:00:00,1,False
439,44,2021-04-09 11:00:00,1,False
440,45,2021-04-10 18:00:00,1,False
441,45,2021-04-01 14:00:00,0,False
442,45,2021-04-02 18:00:00,0,False
443,45,2021-04-03 15:00:00,0,False
444,45,2021-04-04 12:00:00,0,False
445,45,2021-04-05 11:00:00,1,False
446,45,2021-04-06 11:00:00,1,False
447,45,2021-04-07 12:00:00,0,False
448,45,2021-04-08 13:00:00,0,False
449,45,2021-04-09 19:00:00,1,False
450,46,2021-04-10 14:00:00,1,False
451,46,2021-04-01 17:00:00,0,False
452,46,2021-04-02 16:00:00,1,False
453,46,2021-04-03 13:00:00,0,False
454,46,2021-04-04 17:00:00,1,False
455,46,2021-04-05 16:00:00,1,False
456,46,2021-04-06 19:00:00,0,False
457,46,2021-04-07 16:00:00,1,False
458,46,2021-04-08 17:00:00,1,False
459,46,2021-04-09 18:00:00,0,False
460,47,2021-04-10 19:00:00,1,False
461,47,2021-04-01 14:00:00,1,False
462,47,2021-04-02 11:00:00,1,False
463,47,2021-04-03 18:00:00,0,False
464,47,2021-04-04 13:00:00,0,False
465,47,2021-04-05 19:00:00,0,False
466,47,2021-04-06 19:00:00,0,False
467,47,2021-04-07 14:00:00,1,False
468,47,2021-04-08 14:00:00,0,False
469,47,2021-04-09 11:00:00,0,False
470,48,2021-04-10 18:00:00,1,False
471,48,2021-04-01 12:00:00,1,False
472,48,2021-04-02 16:00:00,0,False
473,48,2021-04-03 12:00:00,0,False
474,48,2021-04-04 14:00:00,0,False
475,48,2021-04-05 12:00:00,1,False
476,48,2021-04-06 16:00:00,0,False
477,48,2021-04-07 13:00:00,1,False
478,48,2021-04-08 12:00:00,0,False
479,48,2021-04-09 11:00:00,1,False
480,49,2021-04-10 19:00:00,0,False
481,49,2021-04-01 17:00:00,0,False
482,49,2021-04-02 15:00:00,1,False
483,49,2021-04-03 19:00:00,1,False
484,49,2021-04-04 14:00:00,1,False
485,49,2021-04-05 15:00:00,1,False
486,49,2021-04-06 18:00:00,1,False
487,49,2021-04-07 17:00:00,1,False
488,49,2021-04-08 12:00:00,0,False
489,49,2021-04-09 12:00:00,1,False
490,50,2021-04-10 19:00:00,0,False
491,50,2021-04-01 19:00:00,1,False
492,50,2021-04-02 14:00:00,0,False
493,50,2021-04-03 12:00:00,1,False
494,50,2021-04-04 17:00:00,0,False
495,50,2021-04-05 18:00:00,1,False
496,50,2021-04-06 11:00:00,1,False
497,50,2021-04-07 11:00:00,1,False
498,50,2021-04-08 19:00:00,1,False
499,50,2021-04-09 12:00:00,1,False
500,51,2021-04-10 18:00:00,1,False
501,51,2021-04-01 17:00:00,1,False
502,51,2021-04-02 12:00:00,0,False
503,51,2021-04-03 12:00:00,0,False
504,51,2021-04-04 17:00:00,0,False
505,51,2021-04-05 16:00:00,1,False
506,51,2021-04-06 11:00:00,1,False
507,51,2021-04-07 14:00:00,1,False
508,51,2021-04-08 12:00:00,0,False
509,51,2021-04-09 13:00:00,1,False
510,52,2021-04-10 17:00:00,0,False
511,52,2021-04-01 14:00:00,0,False
512,52,2021-04-02 17:00:00,0,False
513,52,2021-04-03 16:00:00,0,False
514,52,2021-04-04 16:00:00,0,False
515,52,2021-04-05 13:00:00,0,False
516,52,2021-04-06 14:00:00,1,False
517,52,2021-04-07 19:00:00,1,False
518,52,2021-04-08 13:00:00,0,False
519,52,2021-04-09 11:00:00,0,False
520,53,2021-04-10 14:00:00,1,False
521,53,2021-04-01 19:00:00,0,False
522,53,2021-04-02 16:00:00,0,False
523,53,2021-04-03 19:00:00,0,False
524,53,2021-04-04 14:00:00,0,False
525,53,2021-04-05 14:00:00,0,False
526,53,2021-04-06 11:00:00,0,False
527,53,2021-04-07 17:00:00,0,False
528,53,2021-04-08 15:00:00,0,False
529,53,2021-04-09 15:00:00,1,False
530,54,2021-04-10 14:00:00,1,False
531,54,2021-04-01 11:00:00,1,False
532,54,2021-04-02 16:00:00,0,False
533,54,2021-04-03 18:00:00,1,False
534,54,2021-04-04 14:00:00,1,False
535,54,2021-04-05 11:00:00,0,False
536,54,2021-04-06 12:00:00,1,False
537,54,2021-04-07 17:00:00,1,False
538,54,2021-04-08 16:00:00,0,False
539,54,2021-04-09 17:00:00,0,False
540,55,2021-04-10 13:00:00,1,False
541,55,2021-04-01 14:00:00,0,False
542,55,2021-04-02 11:00:00,0,False
543,55,2021-04-03 12:00:00,1,False
544,55,2021-04-04 11:00:00,0,False
545,55,2021-04-05 12:00:00,0,False
546,55,2021-04-06 18:00:00,1,False
547,55,2021-04-07 19:00:00,1,False
548,55,2021-04-08 14:00:00,1,False
549,55,2021-04-09 11:00:00,0,False
550,56,2021-04-10 14:00:00,1,False
551,56,2021-04-01 13:00:00,0,False
552,56,2021-04-02 12:00:00,1,False
553,56,2021-04-03 17:00:00,1,False
554,56,2021-04-04 13:00:00,1,False
555,56,2021-04-05 17:00:00,0,False
556,56,2021-04-06 11:00:00,1,False
557,56,2021-04-07 19:00:00,1,False
558,56,2021-04-08 11:00:00,1,False
559,56,2021-04-09 15:00:00,1,False
560,57,2021-04-10 12:00:00,0,False
561,57,2021-04-01 11:00:00,0,False
562,57,2021-04-02 13:00:00,0,False
563,57,2021-04-03 14:00:00,1,False
564,57,2021-04-04 19:00:00,0,False
565,57,2021-04-05 18:00:00,1,False
566,57,2021-04-06 15:00:00,0,False
567,57,2021-04-07 13:00:00,1,False
568,57,2021-04-08 11:00:00,0,False
569,57,2021-04-09 19:00:00,1,False
570,58,2021-04-10 14:00:00,0,False
571,58,2021-04-01 12:00:00,0,False
572,58,2021-04-02 15:00:00,1,False
573,58,2021-04-03 16:00:00,1,False
574,58,2021-04-04 19:00:00,0,False
575,58,2021-04-05 16:00:00,1,False
576,58,2021-04-06 13:00:00,1,False
577,58,2021-04-07 17:00:00,0,False
578,58,2021-04-08 17:00:00,1,False
579,58,2021-04-09 19:00:00,0,False
580,59,2021-04-10 18:00:00,1,False
581,59,2021-04-01 18:00:00,1,False
582,59,2021-04-02 18:00:00,1,False
583,59,2021-04-03 14:00:00,1,False
584,59,2021-04-04 13:00:00,1,False
585,59,2021-04-05 16:00:00,0,False
586,59,2021-04-06 13:00:00,1,False
587,59,2021-04-07 18:00:00,0,False
588,59,2021-04-08 18:00:00,1,False
589,59,2021-04-09 12:00:00,1,False
590,60,2021-04-10 12:00:00,1,False
591,60,2021-04-01 18:00:00,0,False
592,60,2021-04-02 13:00:00,1,False
593,60,2021-04-03 14:00:00,1,False
594,60,2021-04-04 17:00:00,0,False
595,60,2021-04-05 12:00:00,0,False
596,60,2021-04-06 13:00:00,1,False
597,60,2021-04-07 12:00:00,1,False
598,60,2021-04-08 14:00:00,1,False
599,60,2021-04-09 14:00:00,1,False
600,61,2021-04-10 15:00:00,1,False
601,61,2021-04-01 18:00:00,1,False
602,61,2021-04-02 15:00:00,1,False
603,61,2021-04-03 14:00:00,0,False
604,61,2021-04-04 15:00:00,0,False
605,61,2021-04-05 14:00:00,0,False
606,61,2021-04-06 18:00:00,1,False
607,61,2021-04-07 17:00:00,0,False
608,61,2021-04-08 12:00:00,1,False
609,61,2021-04-09 17:00:00,0,False
610,62,2021-04-10 15:00:00,0,False
611,62,2021-04-01 16:00:00,0,False
612,62,2021-04-02 11:00:00,0,False
613,62,2021-04-03 14:00:00,0,False
614,62,2021-04-04 12:00:00,0,False
615,62,2021-04-05 13:00:00,1,False
616,62,2021-04-06 18:00:00,1,False
617,62,2021-04-07 12:00:00,1,False
618,62,2021-04-08 15:00:00,0,False
619,62,2021-04-09 15:00:00,1,False
620,63,2021-04-10 13:00:00,1,False
621,63,2021-04-01 15:00:00,0,False
622,63,2021-04-02 17:00:00,0,False
623,63,2021-04-03 11:00:00,0,False
624,63,2021-04-04 14:00:00,1,False
625,63,2021-04-05 17:00:00,0,False
626,63,2021-04-06 16:00:00,0,False
627,63,2021-04-07 16:00:00,0,False
628,63,2021-04-08 19:00:00,0,False
629,63,2021-04-09 12:00:00,0,False
630,64,2021-04-10 15:00:00,1,False
631,64,2021-04-01 18:00:00,0,False
632,64,2021-04-02 14:00:00,1,False
633,64,2021-04-03 13:00:00,0,False
634,64,2021-04-04 17:00:00,0,False
635,64,2021-04-05 16:00:00,1,False
636,64,2021-04-06 12:00:00,1,False
637,64,2021-04-07 19:00:00,1,False
638,64,2021-04-08 19:00:00,0,False
639,64,2021-04-09 13:00:00,0,False
640,65,2021-04-10 16:00:00,0,False
641,65,2021-04-01 16:00:00,1,False
642,65,2021-04-02 13:00:00,0,False
643,65,2021-04-03 16:00:00,1,False
644,65,2021-04-04 11:00:00,1,False
645,65,2021-04-05 15:00:00,1,False
646,65,2021-04-06 16:00:00,0,False
647,65,2021-04-07 18:00:00,1,False
648,65,2021-04-08 12:00:00,0,False
649,65,2021-04-09 15:00:00,1,False
650,66,2021-04-10 11:00:00,1,False
651,66,2021-04-01 15:00:00,1,False
652,66,2021-04-02 14:00:00,1,False
653,66,2021-04-03 18:00:00,0,False
654,66,2021-04-04 16:00:00,1,False
655,66,2021-04-05 19:00:00,1,False
656,66,2021-04-06 17:00:00,0,False
657,66,2021-04-07 15:00:00,0,False
658,66,2021-04-08 19:00:00,1,False
659,66,2021-04-09 16:00:00,1,False
660,67,2021-04-10 19:00:00,0,False
661,67,2021-04-01 17:00:00,0,False
662,67,2021-04-02 16:00:00,1,False
663,67,2021-04-03 13:00:00,1,False
664,67,2021-04-04 17:00:00,1,False
665,67,2021-04-05 12:00:00,1,False
666,67,2021-04-06 11:00:00,0,False
667,67,2021-04-07 19:00:00,1,False
668,67,2021-04-08 16:00:00,1,False
669,67,2021-04-09 18:00:00,1,False
670,68,2021-04-10 17:00:00,0,False
671,68,2021-04-01 17:00:00,0,False
672,68,2021-04-02 17:00:00,0,False
673,68,2021-04-03 11:00:00,1,False
674,68,2021-04-04 13:00:00,1,False
675,68,2021-04-05 18:00:00,0,False
676,68,2021-04-06 18:00:00,1,False
677,68,2021-04-07 14:00:00,1,False
678,68,2021-04-08 19:00:00,1,False
679,68,2021-04-09 11:00:00,0,False
680,69,2021-04-10 16:00:00,0,False
681,69,2021-04-01 18:00:00,0,False
682,69,2021-04-02 14:00:00,1,False
683,69,2021-04-03 12:00:00,1,False
684,69,2021-04-04 16:00:00,1,False
685,69,2021-04-05 16:00:00,0,False
686,69,2021-04-06 18:00:00,0,False
687,69,2021-04-07 12:00:00,0,False
688,69,2021-04-08 19:00:00,1,False
689,69,2021-04-09 17:00:00,1,False
690,70,2021-04-10 12:00:00,0,False
691,70,2021-04-01 11:00:00,1,False
692,70,2021-04-02 11:00:00,0,False
693,70,2021-04-03 19:00:00,0,False
694,70,2021-04-04 18:00:00,0,False
695,70,2021-04-05 19:00:00,1,False
696,70,2021-04-06 11:00:00,0,False
697,70,2021-04-07 19:00:00,1,False
698,70,2021-04-08 15:00:00,1,False
699,70,2021-04-09 18:00:00,0,False
700,71,2021-04-10 14:00:00,1,False
701,71,2021-04-01 16:00:00,1,False
702,71,2021-04-02 17:00:00,0,False
703,71,2021-04-03 15:00:00,0,False
704,71,2021-04-04 19:00:00,0,False
705,71,2021-04-05 16:00:00,1,False
706,71,2021-04-06 18:00:00,0,False
707,71,2021-04-07 16:00:00,1,False
708,71,2021-04-08 13:00:00,1,False
709,71,2021-04-09 11:00:00,1,False
710,72,2021-04-10 16:00:00,1,False
711,72,2021-04-01 15:00:00,1,False
712,72,2021-04-02 19:00:00,1,False
713,72,2021-04-03 16:00:00,1,False
714,72,2021-04-04 15:00:00,1,False
715,72,2021-04-05 18:00:00,0,False
716,72,2021-04-06 15:00:00,0,False
717,72,2021-04-07 15:00:00,0,False
718,72,2021-04-08 19:00:00,1,False
719,72,2021-04-09 19:00:00,0,False
720,73,2021-04-10 14:00:00,0,False
721,73,2021-04-01 19:00:00,1,False
722,73,2021-04-02 16:00:00,0,False
723,73,2021-04-03 14:00:00,0,False
724,73,2021-04-04 15:00:00,0,False
725,73,2021-04-05 13:00:00,0,False
726,73,2021-04-06 19:00:00,1,False
727,73,2021-04-07 11:00:00,1,False
728,73,2021-04-08 19:00:00,0,False
729,73,2021-04-09 15:00:00,1,False
730,74,2021-04-10 13:00:00,1,False
731,74,2021-04-01 18:00:00,0,False
732,74,2021-04-02 19:00:00,0,False
733,74,2021-04-03 12:00:00,1,False
734,74,2021-04-04 19:00:00,1,False
735,74,2021-04-05 18:00:00,0,False
736,74,2021-04-06 19:00:00,1,False
737,74,2021-04-07 16:00:00,0,False
738,74,2021-04-08 11:00:00,1,False
739,74,2021-04-09 12:00:00,1,False
740,75,2021-04-10 14:00:00,0,False
741,75,2021-04-01 13:00:00,1,False
742,75,2021-04-02 15:00:00,1,False
743,75,2021-04-03 12:00:00,0,False
744,75,2021-04-04 19:00:00,0,False
745,75,2021-04-05 18:00:00,1,False
746,75,2021-04-06 11:00:00,1,False
747,75,2021-04-07 17:00:00,0,False
748,75,2021-04-08 17:00:00,0,False
749,75,2021-04-09 16:00:00,0,False
750,76,2021-04-10 18:00:00,1,False
751,76,2021-04-01 14:00:00,0,False
752,76,2021-04-02 17:00:00,0,False
753,76,2021-04-03 17:00:00,0,False
754,76,2021-04-04 18:00:00,1,False
755,76,2021-04-05 16:00:00,0,False
756,76,2021-04-06 14:00:00,0,False
757,76,2021-04-07 17:00:00,0,False
758,76,2021-04-08 15:00:00,1,False
759,76,2021-04-09 12:00:00,1,False
760,77,2021-04-10 17:00:00,1,False
761,77,2021-04-01 15:00:00,0,False
762,77,2021-04-02 11:00:00,1,False
763,77,2021-04-03 17:00:00,1,False
764,77,2021-04-04 11:00:00,1,False
765,77,2021-04-05 11:00:00,1,False
766,77,2021-04-06 11:00:00,1,False
767,77,2021-04-07 12:00:00,1,False
768,77,2021-04-08 15:00:00,0,False
769,77,2021-04-09 16:00:00,1,False
770,78,2021-04-10 12:00:00,1,False
771,78,2021-04-01 12:00:00,0,False
772,78,2021-04-02 17:00:00,1,False
773,78,2021-04-03 16:00:00,1,False
774,78,2021-04-04 11:00:00,0,False
775,78,2021-04-05 18:00:00,1,False
776,78,2021-04-06 13:00:00,1,False
777,78,2021-04-07 17:00:00,1,False
778,78,2021-04-08 13:00:00,1,False
779,78,2021-04-09 17:00:00,1,False
780,79,2021-04-10 16:00:00,1,False
781,79,2021-04-01 19:00:00,1,False
782,79,2021-04-02 17:00:00,0,False
783,79,2021-04-03 19:00:00,0,False
784,79,2021-04-04 15:00:00,0,False
785,79,2021-04-05 16:00:00,0,False
786,79,2021-04-06 17:00:00,0,False
787,79,2021-04-07 16:00:00,0,False
788,79,2021-04-08 11:00:00,1,False
789,79,2021-04-09 15:00:00,1,False
790,80,2021-04-10 15:00:00,0,False
791,80,2021-04-01 15:00:00,0,False
792,80,2021-04-02 15:00:00,1,False
793,80,2021-04-03 16:00:00,0,False
794,80,2021-04-04 17:00:00,1,False
795,80,2021-04-05 19:00:00,1,False
796,80,2021-04-06 19:00:00,1,False
797,80,2021-04-07 13:00:00,1,False
798,80,2021-04-08 18:00:00,1,False
799,80,2021-04-09 16:00:00,0,False
800,81,2021-04-10 14:00:00,1,False
801,81,2021-04-01 12:00:00,0,False
802,81,2021-04-02 13:00:00,1,False
803,81,2021-04-03 12:00:00,0,False
804,81,2021-04-04 17:00:00,1,False
805,81,2021-04-05 16:00:00,1,False
806,81,2021-04-06 13:00:00,0,False
807,81,2021-04-07 17:00:00,1,False
808,81,2021-04-08 13:00:00,0,False
809,81,2021-04-09 19:00:00,1,False
810,82,2021-04-10 11:00:00,0,False
811,82,2021-04-01 19:00:00,0,False
812,82,2021-04-02 18:00:00,1,False
813,82,2021-04-03 11:00:00,1,False
814,82,2021-04-04 15:00:00,0,False
815,82,2021-04-05 19:00:00,1,False
816,82,2021-04-06 15:00:00,1,False
817,82,2021-04-07 17:00:00,0,False
818,82,2021-04-08 19:00:00,1,False
819,82,2021-04-09 15:00:00,1,False
820,83,2021-04-10 17:00:00,1,False
821,83,2021-04-01 13:00:00,0,False
822,83,2021-04-02 16:00:00,1,False
823,83,2021-04-03 19:00:00,1,False
824,83,2021-04-04 11:00:00,1,False
825,83,2021-04-05 16:00:00,1,False
826,83,2021-04-06 15:00:00,0,False
827,83,2021-04-07 16:00:00,1,False
828,83,2021-04-08 17:00:00,1,False
829,83,2021-04-09 13:00:00,1,False
830,84,2021-04-10 18:00:00,0,False
831,84,2021-04-01 17:00:00,1,False
832,84,2021-04-02 18:00:00,1,False
833,84,2021-04-03 11:00:00,0,False
834,84,2021-04-04 16:00:00,0,False
835,84,2021-04-05 11:00:00,0,False
836,84,2021-04-06 14:00:00,0,False
837,84,2021-04-07 14:00:00,1,False
838,84,2021-04-08 16:00:00,1,False
839,84,2021-04-09 14:00:00,0,False
840,85,2021-04-10 17:00:00,0,False
841,85,2021-04-01 12:00:00,1,False
842,85,2021-04-02 16:00:00,0,False
843,85,2021-04-03 11:00:00,1,False
844,85,2021-04-04 13:00:00,0,False
845,85,2021-04-05 17:00:00,0,False
846,85,2021-04-06 17:00:00,0,False
847,85,2021-04-07 11:00:00,0,False
848,85,2021-04-08 11:00:00,0,False
849,85,2021-04-09 12:00:00,0,False
850,86,2021-04-10 13:00:00,1,False
851,86,2021-04-01 15:00:00,1,False
852,86,2021-04-02 16:00:00,0,False
853,86,2021-04-03 19:00:00,1,False
854,86,2021-04-04 18:00:00,1,False
855,86,2021-04-05 17:00:00,1,False
856,86,2021-04-06 17:00:00,0,False
857,86,2021-04-07 11:00:00,1,False
858,86,2021-04-08 15:00:00,1,False
859,86,2021-04-09 11:00:00,1,False
860,87,2021-04-10 17:00:00,1,False
861,87,2021-04-01 17:00:00,0,False
862,87,2021-04-02 11:00:00,1,False
863,87,2021-04-03 19:00:00,1,False
864,87,2021-04-04 16:00:00,0,False
865,87,2021-04-05 11:00:00,1,False
866,87,2021-04-06 15:00:00,0,False
867,87,2021-04-07 14:00:00,0,False
868,87,2021-04-08 15:00:00,0,False
869,87,2021-04-09 15:00:00,0,False
870,88,2021-04-10 15:00:00,0,False
871,88,2021-04-01 16:00:00,0,False
872,88,2021-04-02 16:00:00,1,False
873,88,2021-04-03 17:00:00,0,False
874,88,2021-04-04 11:00:00,0,False
875,88,2021-04-05 16:00:00,0,False
876,88,2021-04-06 18:00:00,1,False
877,88,2021-04-07 17:00:00,1,False
878,88,2021-04-08 11:00:00,0,False
879,88,2021-04-09 13:00:00,1,False
880,89,2021-04-10 11:00:00,1,False
881,89,2021-04-01 18:00:00,1,False
882,89,2021-04-02 13:00:00,1,False
883,89,2021-04-03 14:00:00,1,False
884,89,2021-04-04 16:00:00,0,False
885,89,2021-04-05 13:00:00,1,False
886,89,2021-04-06 18:00:00,0,False
887,89,2021-04-07 17:00:00,0,False
888,89,2021-04-08 18:00:00,0,False
889,89,2021-04-09 14:00:00,0,False
890,90,2021-04-10 15:00:00,0,False
891,90,2021-04-01 13:00:00,0,False
892,90,2021-04-02 14:00:00,1,False
893,90,2021-04-03 17:00:00,0,False
894,90,2021-04-04 18:00:00,1,False
895,90,2021-04-05 18:00:00,1,False
896,90,2021-04-06 18:00:00,0,False
897,90,2021-04-07 12:00:00,0,False
898,90,2021-04-08 12:00:00,0,False
899,90,2021-04-09 16:00:00,1,False
900,91,2021-04-10 16:00:00,0,False
901,91,2021-04-01 16:00:00,1,False
902,91,2021-04-02 13:00:00,1,False
903,91,2021-04-03 18:00:00,0,False
904,91,2021-04-04 18:00:00,0,False
905,91,2021-04-05 19:00:00,1,False
906,91,2021-04-06 12:00:00,1,False
907,91,2021-04-07 18:00:00,1,False
908,91,2021-04-08 13:00:00,0,False
909,91,2021-04-09 19:00:00,0,False
910,92,2021-04-10 12:00:00,0,False
911,92,2021-04-01 18:00:00,1,False
912,92,2021-04-02 14:00:00,1,False
913,92,2021-04-03 12:00:00,1,False
914,92,2021-04-04 13:00:00,0,False
915,92,2021-04-05 13:00:00,0,False
916,92,2021-04-06 14:00:00,1,False
917,92,2021-04-07 13:00:00,0,False
918,92,2021-04-08 13:00:00,1,False
919,92,2021-04-09 11:00:00,0,False
920,93,2021-04-10 18:00:00,1,False
921,93,2021-04-01 16:00:00,0,False
922,93,2021-04-02 17:00:00,1,False
923,93,2021-04-03 19:00:00,0,False
924,93,2021-04-04 17:00:00,1,False
925,93,2021-04-05 18:00:00,1,False
926,93,2021-04-06 13:00:00,1,False
927,93,2021-04-07 14:00:00,1,False
928,93,2021-04-08 15:00:00,0,False
929,93,2021-04-09 17:00:00,0,False
930,94,2021-04-10 14:00:00,0,False
931,94,2021-04-01 16:00:00,1,False
932,94,2021-04-02 15:00:00,1,False
933,94,2021-04-03 11:00:00,0,False
934,94,2021-04-04 17:00:00,0,False
935,94,2021-04-05 14:00:00,1,False
936,94,2021-04-06 12:00:00,0,False
937,94,2021-04-07 17:00:00,1,False
938,94,2021-04-08 14:00:00,1,False
939,94,2021-04-09 17:00:00,0,False
940,95,2021-04-10 14:00:00,0,False
941,95,2021-04-01 15:00:00,1,False
942,95,2021-04-02 17:00:00,1,False
943,95,2021-04-03 16:00:00,0,False
944,95,2021-04-04 17:00:00,1,False
945,95,2021-04-05 12:00:00,1,False
946,95,2021-04-06 15:00:00,0,False
947,95,2021-04-07 13:00:00,1,False
948,95,2021-04-08 11:00:00,0,False
949,95,2021-04-09 15:00:00,0,False
950,96,2021-04-10 17:00:00,0,False
951,96,2021-04-01 16:00:00,1,False
952,96,2021-04-02 15:00:00,1,False
953,96,2021-04-03 14:00:00,1,False
954,96,2021-04-04 19:00:00,1,False
955,96,2021-04-05 18:00:00,1,False
956,96,2021-04-06 17:00:00,0,False
957,96,2021-04-07 19:00:00,0,False
958,96,2021-04-08 11:00:00,0,False
959,96,2021-04-09 15:00:00,0,False
960,97,2021-04-10 19:00:00,1,False
961,97,2021-04-01 13:00:00,0,False
962,97,2021-04-02 19:00:00,0,False
963,97,2021-04-03 19:00:00,1,False
964,97,2021-04-04 14:00:00,1,False
965,97,2021-04-05 17:00:00,0,False
966,97,2021-04-06 11:00:00,1,False
967,97,2021-04-07 18:00:00,1,False
968,97,2021-04-08 13:00:00,1,False
969,97,2021-04-09 19:00:00,0,False
970,98,2021-04-10 11:00:00,0,False
971,98,2021-04-01 19:00:00,1,False
972,98,2021-04-02 18:00:00,0,False
973,98,2021-04-03 19:00:00,0,False
974,98,2021-04-04 17:00:00,1,False
975,98,2021-04-05 12:00:00,1,False
976,98,2021-04-06 13:00:00,1,False
977,98,2021-04-07 17:00:00,0,False
978,98,2021-04-08 17:00:00,1,False
979,98,2021-04-09 18:00:00,1,False
980,99,2021-04-10 18:00:00,1,False
981,99,2021-04-01 11:00:00,0,False
982,99,2021-04-02 13:00:00,0,False
983,99,2021-04-03 11:00:00,1,False
984,99,2021-04-04 11:00:00,0,False
985,99,2021-04-05 19:00:00,1,False
986,99,2021-04-06 12:00:00,1,False
987,99,2021-04-07 12:00:00,1,False
988,99,2021-04-08 15:00:00,1,False
989,99,2021-04-09 18:00:00,1,False
990,99,2021-04-10 12:00:00,0,False
